{
  "by_position": {
    "Wave 3 or 5": {
      "n": 638,
      "win_1": 54.2319749216301,
      "win_3": 61.28526645768025,
      "win_6": 63.793103448275865,
      "avg_1": 0.7080175043349496,
      "avg_3": 2.81546920883252,
      "avg_6": 4.985324993010068
    },
    "Wave 2 or 4 (correction)": {
      "n": 316,
      "win_1": 43.35443037974683,
      "win_3": 43.35443037974683,
      "win_6": 46.835443037974684,
      "avg_1": 0.3781239206289225,
      "avg_3": -0.03970589554948404,
      "avg_6": 0.6562713190762699
    },
    "Wave 1 or correction": {
      "n": 156,
      "win_1": 56.41025641025641,
      "win_3": 52.56410256410257,
      "win_6": 58.97435897435898,
      "avg_1": 0.12719648791284846,
      "avg_3": 2.120868229668298,
      "avg_6": 4.7332484335344835
    }
  },
  "raw_counts": {
    "Wave 3 or 5": 638,
    "Wave 2 or 4 (correction)": 316,
    "Wave 1 or correction": 156
  }
}